spec_version,gap_days,event_min_days,dose_metric,pheno_type,outcome,model_form,boundary_excluded,latitude,landscape_type,dose,reference_dose,estimate,std_error,conf_low,conf_high,p_value
A3.2-v1.0,0,3,cumulative_days,SOS,mean_anomaly_crossfit,spline,False,35.0,PA,1.0,1.0,0.0,0.0,0.0,0.0,
A3.2-v1.0,0,3,cumulative_days,SOS,mean_anomaly_crossfit,spline,False,35.0,PA,1.25,1.0,0.0868173447177086,0.0650404442658599,-0.0406595835818614,0.2142942730172787,0.1819349695347696
A3.2-v1.0,0,3,cumulative_days,SOS,mean_anomaly_crossfit,spline,False,35.0,PA,1.5,1.0,0.1738070638866633,0.1300058747156835,-0.0809997683347028,0.4286138961080295,0.1812497313543518
A3.2-v1.0,0,3,cumulative_days,SOS,mean_anomaly_crossfit,spline,False,35.0,PA,1.75,1.0,0.2611415319581036,0.1948213500235124,-0.1207012975074524,0.6429843614236597,0.1801103415501509
A3.2-v1.0,0,3,cumulative_days,SOS,mean_anomaly_crossfit,spline,False,35.0,PA,2.0,1.0,0.3489931233832748,0.2594120744301954,-0.1594451996547321,0.8574314464212818,0.1785208332418378
A3.2-v1.0,0,3,cumulative_days,SOS,mean_anomaly_crossfit,spline,False,35.0,PA,2.25,1.0,0.437534212613424,0.3237034720005278,-0.1969129341781802,1.0719813594050285,0.1764868971593175
A3.2-v1.0,0,3,cumulative_days,SOS,mean_anomaly_crossfit,spline,False,35.0,PA,2.5,1.0,0.5269371740997886,0.3876212626689309,-0.2327865403732562,1.2866608885728334,0.1740159250816353
A3.2-v1.0,0,3,cumulative_days,SOS,mean_anomaly_crossfit,spline,False,35.0,PA,2.75,1.0,0.6173743822936162,0.4510915407035658,-0.2667487912160566,1.501497555803289,0.171117064318213
A3.2-v1.0,0,3,cumulative_days,SOS,mean_anomaly_crossfit,spline,False,35.0,PA,3.0,1.0,0.7090182116461516,0.5140408562483474,-0.2984833531827404,1.7165197764750435,0.1678012821193296
A3.2-v1.0,0,3,cumulative_days,SOS,mean_anomaly_crossfit,spline,False,35.0,PA,3.25,1.0,0.8020410366086361,0.5763963006401329,-0.3276749534681458,1.931757026685418,0.1640814385592308
A3.2-v1.0,0,3,cumulative_days,SOS,mean_anomaly_crossfit,spline,False,35.0,PA,3.5,1.0,0.8966152316323139,0.6380855962448461,-0.3540095560613507,2.147240019325978,0.1599723660348126
A3.2-v1.0,0,3,cumulative_days,SOS,mean_anomaly_crossfit,spline,False,35.0,PA,3.75,1.0,0.9929131711684304,0.6990371916124272,-0.3771745482459516,2.3630008905828124,0.1554909530562092
A3.2-v1.0,0,3,cumulative_days,SOS,mean_anomaly_crossfit,spline,False,35.0,PA,4.0,1.0,1.0911072296682267,0.7591803628167314,-0.396858939222618,2.5790733985590717,0.1506562294646741
A3.2-v1.0,0,3,cumulative_days,SOS,mean_anomaly_crossfit,spline,False,35.0,PA,4.25,1.0,1.1913697815829494,0.8184453219241776,-0.412753572703729,2.795493135869628,0.1454894495924952
A3.2-v1.0,0,3,cumulative_days,SOS,mean_anomaly_crossfit,spline,False,35.0,PA,4.5,1.0,1.293873201363839,0.8767633336249442,-0.4245513555063274,3.0122977582340056,0.1400141691766689
A3.2-v1.0,0,3,cumulative_days,SOS,mean_anomaly_crossfit,spline,False,35.0,PA,4.75,1.0,1.398789863462138,0.9340668411641072,-0.4319475043726073,3.2295272312968835,0.1342563110551256
A3.2-v1.0,0,3,cumulative_days,SOS,mean_anomaly_crossfit,spline,False,35.0,PA,5.0,1.0,1.5062921423290998,0.990289602829031,-0.4346398134802753,3.447224098138475,0.128244213820934
A3.2-v1.0,0,3,cumulative_days,SOS,mean_anomaly_crossfit,spline,False,35.0,PA,5.25,1.0,1.6165524124159578,1.0453668403847345,-0.4323289453705525,3.665433770202468,0.1220086567044751
A3.2-v1.0,0,3,cumulative_days,SOS,mean_anomaly_crossfit,spline,False,35.0,PA,5.5,1.0,1.7297430481739615,1.0992354010030707,-0.4247187483235008,3.884204844671424,0.11558285302726
A3.2-v1.0,0,3,cumulative_days,SOS,mean_anomaly_crossfit,spline,False,35.0,PA,5.75,1.0,1.8460364240543503,1.1518339344059487,-0.4115166035523798,4.103589451661081,0.1090024036706739
A3.2-v1.0,0,3,cumulative_days,SOS,mean_anomaly_crossfit,spline,False,35.0,PA,6.0,1.0,1.9656049145083705,1.2031030871398407,-0.3924338059746719,4.323643634991413,0.1023052011949201
A3.2-v1.0,0,3,cumulative_days,SOS,mean_anomaly_crossfit,spline,False,35.0,PA,6.25,1.0,2.0886208939872635,1.2529857161203863,-0.3671859827518218,4.544427770726349,0.0955312746180711
A3.2-v1.0,0,3,cumulative_days,SOS,mean_anomaly_crossfit,spline,False,35.0,PA,6.5,1.0,2.215256736942281,1.301427123834196,-0.3354935542762916,4.766007028160855,0.0887225645395255
A3.2-v1.0,0,3,cumulative_days,SOS,mean_anomaly_crossfit,spline,False,35.0,PA,6.75,1.0,2.345684817824658,1.34837531786247,-0.2970822428285307,4.988451878477846,0.0819226184132209
A3.2-v1.0,0,3,cumulative_days,SOS,mean_anomaly_crossfit,spline,False,35.0,PA,7.0,1.0,2.480077511085641,1.3937812976988644,-0.2516836347296323,5.211838656900914,0.0751761965195536
A3.2-v1.0,0,3,cumulative_days,SOS,mean_anomaly_crossfit,spline,False,35.0,PA,7.25,1.0,2.618607191176473,1.4375993721745242,-0.1990358024829879,5.4362501848359335,0.0685287807533985
A3.2-v1.0,0,3,cumulative_days,SOS,mean_anomaly_crossfit,spline,False,35.0,PA,7.5,1.0,2.7614462325483995,1.4797875111763268,-0.1388839941293635,5.661776459226163,0.0620259809566832
A3.2-v1.0,0,3,cumulative_days,SOS,mean_anomaly_crossfit,spline,False,35.0,PA,7.75,1.0,2.9087670096526583,1.5203077357502337,-0.0709813978354367,5.888515417140754,0.05571283739447
A3.2-v1.0,0,3,cumulative_days,SOS,mean_anomaly_crossfit,spline,False,35.0,PA,8.0,1.0,3.0607418969405096,1.5591265511176595,0.0049100094097491,6.11657378447127,0.0496330232899874
A3.2-v1.0,0,3,cumulative_days,SOS,mean_anomaly_crossfit,spline,False,35.0,PA,8.25,1.0,3.21754326886318,1.5962154275949487,0.089018519209878,6.3460680185164815,0.0438279582123846
A3.2-v1.0,0,3,cumulative_days,SOS,mean_anomaly_crossfit,spline,False,35.0,PA,8.5,1.0,3.379343499871908,1.6315513348855877,0.1815616445679073,6.577125355175909,0.038335851540536
A3.2-v1.0,0,3,cumulative_days,SOS,mean_anomaly_crossfit,spline,False,35.0,PA,8.75,1.0,3.546314964417963,1.6651173356993445,0.2827449564139574,6.809884972421969,0.0331907050029933
A3.2-v1.0,0,3,cumulative_days,SOS,mean_anomaly_crossfit,spline,False,35.0,PA,9.0,1.0,3.718630036952572,1.6969032451224555,0.3927607912634157,7.044499282641728,0.0284213139449416
A3.2-v1.0,0,3,cumulative_days,SOS,mean_anomaly_crossfit,spline,False,35.0,PA,9.25,1.0,3.896461091926975,1.726906362589647,0.5117868165781991,7.28113536727575,0.0240503176844275
A3.2-v1.0,0,3,cumulative_days,SOS,mean_anomaly_crossfit,spline,False,35.0,PA,9.5,1.0,4.079980503792427,1.755132283652429,0.639984439730128,7.519976567854727,0.0200933588898813
A3.2-v1.0,0,3,cumulative_days,SOS,mean_anomaly_crossfit,spline,False,35.0,PA,9.75,1.0,4.269360647000161,1.7815957989430014,0.7774970460640147,7.761224247936306,0.0165584187482227
A3.2-v1.0,0,3,cumulative_days,SOS,mean_anomaly_crossfit,spline,False,35.0,PA,10.0,1.0,4.464773896001425,1.806321887724494,0.924448051575014,8.005099740427836,0.0134453969028623
A3.2-v1.0,0,3,cumulative_days,SOS,mean_anomaly_crossfit,spline,False,35.0,PA,10.25,1.0,4.66639262524747,1.8293468130958324,1.0809387563465127,8.251846494148428,0.0107460007270571
A3.2-v1.0,0,3,cumulative_days,SOS,mean_anomaly_crossfit,spline,False,35.0,PA,10.5,1.0,4.874389209189534,1.8507193251536973,1.2470459863960135,8.501732431983054,0.0084439957069813
A3.2-v1.0,0,3,cumulative_days,SOS,mean_anomaly_crossfit,spline,False,35.0,PA,10.75,1.0,5.088936022278855,1.870501977037276,1.4228195142748268,8.755052530282882,0.0065158465141039
A3.2-v1.0,0,3,cumulative_days,SOS,mean_anomaly_crossfit,spline,False,35.0,PA,11.0,1.0,5.310205438966676,1.8887725565858275,1.6082792530708128,9.01213162486254,0.0049317470182249
A3.2-v1.0,0,3,cumulative_days,SOS,mean_anomaly_crossfit,spline,False,35.0,PA,11.25,1.0,5.538369833704261,1.905625633069168,1.8034122248723512,9.27332744253617,0.003656999131741
A3.2-v1.0,0,3,cumulative_days,SOS,mean_anomaly_crossfit,spline,False,35.0,PA,11.5,1.0,5.773601580942831,1.921174213806336,2.008169313855359,9.539033848030304,0.0026536592214774
A3.2-v1.0,0,3,cumulative_days,SOS,mean_anomaly_crossfit,spline,False,35.0,PA,11.75,1.0,6.016073055133649,1.93555149912746,2.222461826621318,9.80968428364598,0.0018823331012729
A3.2-v1.0,0,3,cumulative_days,SOS,mean_anomaly_crossfit,spline,False,35.0,PA,12.0,1.0,6.265956630727931,1.9489127156948167,2.44615789895394,10.085755362501924,0.0013039737235997
A3.2-v1.0,0,3,cumulative_days,SOS,mean_anomaly_crossfit,spline,False,35.0,PA,12.25,1.0,6.523424682176945,1.961436997331124,2.679078809463556,10.367770554890331,0.0008815266663903
A3.2-v1.0,0,3,cumulative_days,SOS,mean_anomaly_crossfit,spline,False,35.0,PA,12.5,1.0,6.78864958393193,1.9733292689256925,2.920995287198818,10.656303880665044,0.0005812820346159
A3.2-v1.0,0,3,cumulative_days,SOS,mean_anomaly_crossfit,spline,False,35.0,PA,12.75,1.0,7.061803710444121,1.9848220725826584,3.171623932461965,10.951983488426276,0.0003738278004922
A3.2-v1.0,0,3,cumulative_days,SOS,mean_anomaly_crossfit,spline,False,35.0,PA,13.0,1.0,7.343059436164778,1.9961772561081024,3.43062390743491,11.255494964894648,0.0002345537653837
A3.2-v1.0,0,3,cumulative_days,SOS,mean_anomaly_crossfit,spline,False,35.0,PA,13.25,1.0,7.632589135545132,2.0076874228262973,3.6975940945915498,11.567584176498714,0.000143717111218
A3.2-v1.0,0,3,cumulative_days,SOS,mean_anomaly_crossfit,spline,False,35.0,PA,13.5,1.0,7.930565183036422,2.0196770198414344,3.9720709637440224,11.889059402328822,8.613710887912596e-05
A3.2-v1.0,0,3,cumulative_days,SOS,mean_anomaly_crossfit,spline,False,35.0,PA,13.75,1.0,8.2371599530899,2.032502921338869,4.25352742879327,12.220792477386532,5.0626142513638734e-05
A3.2-v1.0,0,3,cumulative_days,SOS,mean_anomaly_crossfit,spline,False,35.0,PA,14.0,1.0,8.552545820156823,2.046554347463682,4.541373006724134,12.563718633589511,2.9279670366551097e-05
A3.2-v1.0,0,3,cumulative_days,SOS,mean_anomaly_crossfit,spline,False,35.0,PA,14.25,1.0,8.876892320010265,2.0622565610124526,4.83494373354443,12.9188409064761,1.6739666907056648e-05
A3.2-v1.0,0,3,cumulative_days,SOS,mean_anomaly_crossfit,spline,False,35.0,PA,14.5,1.0,9.21035763371076,2.0800618622236424,5.133511298137106,13.287203969284416,9.514403213463676e-06
A3.2-v1.0,0,3,cumulative_days,SOS,mean_anomaly_crossfit,spline,False,35.0,PA,14.75,1.0,9.553097103640695,2.1003936751860626,5.436401146920294,13.6697930603611,5.409610788989955e-06
A3.2-v1.0,0,3,cumulative_days,SOS,mean_anomaly_crossfit,spline,False,35.0,PA,15.0,1.0,9.905266072182442,2.1236284094155797,5.7430308731818265,14.067501271183058,3.0965084758220957e-06
A3.2-v1.0,0,3,cumulative_days,SOS,mean_anomaly_crossfit,spline,False,35.0,PA,15.25,1.0,10.267019881718388,2.150087879711541,6.052925073887678,14.481114689549097,1.7956183974763105e-06
A3.2-v1.0,0,3,cumulative_days,SOS,mean_anomaly_crossfit,spline,False,35.0,PA,15.5,1.0,10.63851387463091,2.1800331984238515,6.365727320618499,14.91130042864332,1.060977179063416e-06
A3.2-v1.0,0,3,cumulative_days,SOS,mean_anomaly_crossfit,spline,False,35.0,PA,15.75,1.0,11.019903393302393,2.213660495376052,6.681208548366236,15.35859823823855,6.419948321723997e-07
A3.2-v1.0,0,3,cumulative_days,SOS,mean_anomaly_crossfit,spline,False,35.0,PA,16.0,1.0,11.411343780115203,2.251098697874563,6.999271406636048,15.823416153594358,3.994220454994206e-07
A3.2-v1.0,0,3,cumulative_days,SOS,mean_anomaly_crossfit,spline,False,35.0,PA,16.25,1.0,11.812990377451742,2.2924094489811537,7.31995041962937,16.306030335274116,2.562300060619253e-07
A3.2-v1.0,0,3,cumulative_days,SOS,mean_anomaly_crossfit,spline,False,35.0,PA,16.5,1.0,12.224998527694376,2.33758907956948,7.643408121084059,16.806588934304692,1.6974254751570972e-07
A3.2-v1.0,0,3,cumulative_days,SOS,mean_anomaly_crossfit,spline,False,35.0,PA,16.75,1.0,12.64752357322549,2.3865724026918755,7.969927617452191,17.32511952899879,1.161513841032655e-07
A3.2-v1.0,0,3,cumulative_days,SOS,mean_anomaly_crossfit,spline,False,35.0,PA,17.0,1.0,13.08072085642746,2.4392379872175765,8.299902251759036,17.861539461095884,8.202075276802562e-08
A3.2-v1.0,0,3,cumulative_days,SOS,mean_anomaly_crossfit,spline,False,35.0,PA,17.25,1.0,13.52474571968267,2.495414503180859,8.633823166949274,18.415668272416067,5.965261568164102e-08
A3.2-v1.0,0,3,cumulative_days,SOS,mean_anomaly_crossfit,spline,False,35.0,PA,17.5,1.0,13.979753505373496,2.5548877158902297,8.972265597684842,18.987241413062147,4.455672428294296e-08
A3.2-v1.0,0,3,cumulative_days,SOS,mean_anomaly_crossfit,spline,False,35.0,PA,17.75,1.0,14.445899555882333,2.61740773334432,9.315874665670847,19.57592444609381,3.406184051224022e-08
A3.2-v1.0,0,3,cumulative_days,SOS,mean_anomaly_crossfit,spline,False,35.0,PA,18.0,1.0,14.923339213591548,2.6826961701758663,9.665351338583314,20.18132708859978,2.6545912778572773e-08
A3.2-v1.0,0,3,cumulative_days,SOS,mean_anomaly_crossfit,spline,False,35.0,PA,18.25,1.0,15.412227820883516,2.750452967509091,10.021439063394382,20.80301657837265,2.100376323090268e-08
A3.2-v1.0,0,3,cumulative_days,SOS,mean_anomaly_crossfit,spline,False,35.0,PA,18.5,1.0,15.912720720140632,2.820362689048592,10.384911426264852,21.44053001401641,1.6800495180766192e-08
A3.2-v1.0,0,3,cumulative_days,SOS,mean_anomaly_crossfit,spline,False,35.0,PA,18.75,1.0,16.424973253745264,2.8921001895675618,10.75656104251138,22.09338546497915,1.3528300073473646e-08
A3.2-v1.0,0,3,cumulative_days,SOS,mean_anomaly_crossfit,spline,False,35.0,PA,19.0,1.0,16.949140764079807,2.965335616467304,11.137189753730013,22.7610917744296,1.0921607756479476e-08
A3.2-v1.0,0,3,cumulative_days,SOS,mean_anomaly_crossfit,spline,False,35.0,UA,1.0,1.0,0.0,0.0,0.0,0.0,
A3.2-v1.0,0,3,cumulative_days,SOS,mean_anomaly_crossfit,spline,False,35.0,UA,1.25,1.0,0.130597430420821,0.0966613466338276,-0.058855327678623,0.3200501885202652,0.1766690843114348
A3.2-v1.0,0,3,cumulative_days,SOS,mean_anomaly_crossfit,spline,False,35.0,UA,1.5,1.0,0.261549705998056,0.1931713218284053,-0.1170591276316143,0.6401585396277264,0.175743419730502
A3.2-v1.0,0,3,cumulative_days,SOS,mean_anomaly_crossfit,spline,False,35.0,UA,1.75,1.0,0.3932116718881095,0.2893786837135597,-0.1739601260840749,0.960383469860294,0.1742056835468124
A3.2-v1.0,0,3,cumulative_days,SOS,mean_anomaly_crossfit,spline,False,35.0,UA,2.0,1.0,0.5259381732473978,0.3851324509825922,-0.2289075599561207,1.2807839064509163,0.1720634880158348
A3.2-v1.0,0,3,cumulative_days,SOS,mean_anomaly_crossfit,spline,False,35.0,UA,2.25,1.0,0.660084055232331,0.4802820367619483,-0.2812514392426299,1.601419549707292,0.1693275991315533
A3.2-v1.0,0,3,cumulative_days,SOS,mean_anomaly_crossfit,spline,False,35.0,UA,2.5,1.0,0.7960041629993206,0.5746773868563011,-0.3303428179686214,1.9223511439672627,0.1660120422926337
A3.2-v1.0,0,3,cumulative_days,SOS,mean_anomaly_crossfit,spline,False,35.0,UA,2.75,1.0,0.9340533417047752,0.6681691239453674,-0.3755340768098243,2.243640760219374,0.1621342334036966
A3.2-v1.0,0,3,cumulative_days,SOS,mean_anomaly_crossfit,spline,False,35.0,UA,3.0,1.0,1.0745864365051112,0.7606086994139417,-0.4161792206740662,2.5653520936842886,0.1577151314494023
A3.2-v1.0,0,3,cumulative_days,SOS,mean_anomaly_crossfit,spline,False,35.0,UA,3.25,1.0,1.2179582925567305,0.8518485546319577,-0.4516341948044076,2.887550779917868,0.1527794072588331
A3.2-v1.0,0,3,cumulative_days,SOS,mean_anomaly_crossfit,spline,False,35.0,UA,3.5,1.0,1.3645237550160534,0.941742293671202,-0.4812572232976451,3.210304733329752,0.1473556215981116
A3.2-v1.0,0,3,cumulative_days,SOS,mean_anomaly_crossfit,spline,False,35.0,UA,3.75,1.0,1.5146376690394856,1.0301448696532145,-0.5044091743395231,3.5336845124184944,0.1414764038514718
A3.2-v1.0,0,3,cumulative_days,SOS,mean_anomaly_crossfit,spline,False,35.0,UA,4.0,1.0,1.668654879783439,1.1169127871741684,-0.5204539569501816,3.85776371651706,0.1351786203471535
A3.2-v1.0,0,3,cumulative_days,SOS,mean_anomaly_crossfit,spline,False,35.0,UA,4.25,1.0,1.826930232404333,1.2019043235529616,-0.528758954622448,4.182619419431115,0.1285035188450277
A3.2-v1.0,0,3,cumulative_days,SOS,mean_anomaly_crossfit,spline,False,35.0,UA,4.5,1.0,1.9898185720585653,1.2849797720066396,-0.5286955019369382,4.508332646054069,0.1214968328462777
A3.2-v1.0,0,3,cumulative_days,SOS,mean_anomaly_crossfit,spline,False,35.0,UA,4.75,1.0,2.1576747439025468,1.366001710280353,-0.5196394110670624,4.834988898872156,0.114208826271941
A3.2-v1.0,0,3,cumulative_days,SOS,mean_anomaly_crossfit,spline,False,35.0,UA,5.0,1.0,2.330853593092712,1.44483529875925,-0.5009715560675865,5.162678742253011,0.1066942558075154
A3.2-v1.0,0,3,cumulative_days,SOS,mean_anomaly_crossfit,spline,False,35.0,UA,5.25,1.0,2.5097099647854435,1.5213486126778168,-0.4720785239930536,5.49149845356394,0.0990122250267213
A3.2-v1.0,0,3,cumulative_days,SOS,mean_anomaly_crossfit,spline,False,35.0,UA,5.5,1.0,2.694598704137164,1.5954130137354954,-0.4323533432509139,5.821550751525241,0.0912259015993056
A3.2-v1.0,0,3,cumulative_days,SOS,mean_anomaly_crossfit,spline,False,35.0,UA,5.75,1.0,2.885874656304285,1.6669035672396963,-0.38119630118686,6.1529456137954295,0.0834020668992696
A3.2-v1.0,0,3,cumulative_days,SOS,mean_anomaly_crossfit,spline,False,35.0,UA,6.0,1.0,3.083892666443223,1.735699511852293,-0.318015864771024,6.485801197657469,0.0756104667665404
A3.2-v1.0,0,3,cumulative_days,SOS,mean_anomaly_crossfit,spline,False,35.0,UA,6.25,1.0,3.2890075797103755,1.8016847901342463,-0.2422297204463528,6.820244879867104,0.0679229338182449
A3.2-v1.0,0,3,cumulative_days,SOS,mean_anomaly_crossfit,spline,False,35.0,UA,6.5,1.0,3.501574241262162,1.8647486493907768,-0.15326595176347,7.156414434287794,0.0604122565107088
A3.2-v1.0,0,3,cumulative_days,SOS,mean_anomaly_crossfit,spline,False,35.0,UA,6.75,1.0,3.721947496254998,1.9247863238497491,-0.0505643764257595,7.494459368935756,0.0531507792120786
A3.2-v1.0,0,3,cumulative_days,SOS,mean_anomaly_crossfit,spline,False,35.0,UA,7.0,1.0,3.9504821898452818,1.981699810987393,0.0664219321401597,7.834542447550404,0.0462087319890715
A3.2-v1.0,0,3,cumulative_days,SOS,mean_anomaly_crossfit,spline,False,35.0,UA,7.25,1.0,4.18753316718945,2.0353987568852925,0.1982249095166794,8.176841424862221,0.0396523096361431
A3.2-v1.0,0,3,cumulative_days,SOS,mean_anomaly_crossfit,spline,False,35.0,UA,7.5,1.0,4.433455273443876,2.0858014678982677,0.3453595174624944,8.521551029425257,0.0335415472566347
A3.2-v1.0,0,3,cumulative_days,SOS,mean_anomaly_crossfit,spline,False,35.0,UA,7.75,1.0,4.6886033537649965,2.132836068665599,0.5083214742524245,8.868885233277569,0.027928074188936
A3.2-v1.0,0,3,cumulative_days,SOS,mean_anomaly_crossfit,spline,False,35.0,UA,8.0,1.0,4.95333225330922,2.176441829641643,0.6875846527651399,9.219079853853302,0.0228528676498731
A3.2-v1.0,0,3,cumulative_days,SOS,mean_anomaly_crossfit,spline,False,35.0,UA,8.25,1.0,5.22799681723296,2.216570690868288,0.88359809394405,9.57239554052187,0.0183441685985958
A3.2-v1.0,0,3,cumulative_days,SOS,mean_anomaly_crossfit,spline,False,35.0,UA,8.5,1.0,5.512951890692609,2.2531890126595973,1.096782575518434,9.929121205866783,0.0144157590243005
A3.2-v1.0,0,3,cumulative_days,SOS,mean_anomaly_crossfit,spline,False,35.0,UA,8.75,1.0,5.808552318844605,2.286279588167194,1.3275266674478372,10.289577970241371,0.0110658235232313
A3.2-v1.0,0,3,cumulative_days,SOS,mean_anomaly_crossfit,spline,False,35.0,UA,9.0,1.0,6.115152946845338,2.315843957341121,1.5761821966420273,10.65412369704865,0.008276617919753
A3.2-v1.0,0,3,cumulative_days,SOS,mean_anomaly_crossfit,spline,False,35.0,UA,9.25,1.0,6.433108619851232,2.34190506638327,1.8430590345281388,11.023158205174326,0.0060151325237098
A3.2-v1.0,0,3,cumulative_days,SOS,mean_anomaly_crossfit,spline,False,35.0,UA,9.5,1.0,6.7627741830186885,2.3645103210573786,2.1284191126729866,11.39712925336439,0.0042348585795504
A3.2-v1.0,0,3,cumulative_days,SOS,mean_anomaly_crossfit,spline,False,35.0,UA,9.75,1.0,7.104504481504115,2.3837350855984267,2.432469565046696,11.776539397961535,0.0028786415504323
A3.2-v1.0,0,3,cumulative_days,SOS,mean_anomaly_crossfit,spline,False,35.0,UA,10.0,1.0,7.458654360463942,2.399686680569216,2.755354892367806,12.16195382856008,0.0018824438416553
A3.2-v1.0,0,3,cumulative_days,SOS,mean_anomaly_crossfit,spline,False,35.0,UA,10.25,1.0,7.825578665054572,2.412508931521271,3.097148046891673,12.554009283217471,0.0011796675267657
A3.2-v1.0,0,3,cumulative_days,SOS,mean_anomaly_crossfit,spline,False,35.0,UA,10.5,1.0,8.2056322404324,2.4223873138203653,3.45784034873776,12.953424132127042,0.0007055445714067
A3.2-v1.0,0,3,cumulative_days,SOS,mean_anomaly_crossfit,spline,False,35.0,UA,10.75,1.0,8.599169931753863,2.429554724809385,3.837330172658347,13.36100969084938,0.0004010352161981
A3.2-v1.0,0,3,cumulative_days,SOS,mean_anomaly_crossfit,spline,False,35.0,UA,11.0,1.0,9.006546584175346,2.4342978889830924,4.235410394126602,13.77768277422409,0.0002157236052899
A3.2-v1.0,0,3,cumulative_days,SOS,mean_anomaly_crossfit,spline,False,35.0,UA,11.25,1.0,9.428117042853284,2.436964360354718,4.651754664950346,14.204479420756222,0.0001093742723607
A3.2-v1.0,0,3,cumulative_days,SOS,mean_anomaly_crossfit,spline,False,35.0,UA,11.5,1.0,9.86423615294407,2.43797002300854,5.085902712459045,14.642569593429094,5.208112669623659e-05
A3.2-v1.0,0,3,cumulative_days,SOS,mean_anomaly_crossfit,spline,False,35.0,UA,11.75,1.0,10.31525875960414,2.4378068996458944,5.537245035034939,15.093272484173344,2.3227401395167948e-05
A3.2-v1.0,0,3,cumulative_days,SOS,mean_anomaly_crossfit,spline,False,35.0,UA,12.0,1.0,10.781539707989872,2.437050952844455,6.005007611925718,15.558071804054023,9.688517866666084e-06
A3.2-v1.0,0,3,cumulative_days,SOS,mean_anomaly_crossfit,spline,False,35.0,UA,12.25,1.0,11.263433843257689,2.436369401295286,6.488237563683512,16.03863012283186,3.7815628303681302e-06
A3.2-v1.0,0,3,cumulative_days,SOS,mean_anomaly_crossfit,spline,False,35.0,UA,12.5,1.0,11.76129601056401,2.436526875837242,6.98579108655912,16.5368009345689,1.3855351228070956e-06
A3.2-v1.0,0,3,cumulative_days,SOS,mean_anomaly_crossfit,spline,False,35.0,UA,12.75,1.0,12.27548105506525,2.4383895208646678,7.496325413890623,17.054636696239875,4.797041696344321e-07
A3.2-v1.0,0,3,cumulative_days,SOS,mean_anomaly_crossfit,spline,False,35.0,UA,13.0,1.0,12.806343821917812,2.4429259357375037,8.018296970973495,17.59439067286213,1.5866004662452962e-07
A3.2-v1.0,0,3,cumulative_days,SOS,mean_anomaly_crossfit,spline,False,35.0,UA,13.25,1.0,13.354239156278105,2.451203700617832,8.549968184295851,18.158510128260357,5.092985148502651e-08
A3.2-v1.0,0,3,cumulative_days,SOS,mean_anomaly_crossfit,spline,False,35.0,UA,13.5,1.0,13.919521903302536,2.464380217628249,9.089425432538189,18.749618374066884,1.6205632609647422e-08
A3.2-v1.0,0,3,cumulative_days,SOS,mean_anomaly_crossfit,spline,False,35.0,UA,13.75,1.0,14.50254690814753,2.4836868120127256,9.634610207725483,19.37048360856957,5.2477063930023076e-09
A3.2-v1.0,0,3,cumulative_days,SOS,mean_anomaly_crossfit,spline,False,35.0,UA,14.0,1.0,15.103669015969492,2.510405560012805,10.18336453175529,20.023973500183693,1.7831006914543576e-09
A3.2-v1.0,0,3,cumulative_days,SOS,mean_anomaly_crossfit,spline,False,35.0,UA,14.25,1.0,15.72313070321626,2.5458185109601925,10.733418110558894,20.712843295873625,6.572055706080756e-10
A3.2-v1.0,0,3,cumulative_days,SOS,mean_anomaly_crossfit,spline,False,35.0,UA,14.5,1.0,16.360724971501412,2.591035196603121,11.282389303483637,21.439060639519187,2.712845058092844e-10
A3.2-v1.0,0,3,cumulative_days,SOS,mean_anomaly_crossfit,spline,False,35.0,UA,14.75,1.0,17.016132453729952,2.646885878498839,11.828331460684566,22.203933446775338,1.2866875495793078e-10
A3.2-v1.0,0,3,cumulative_days,SOS,mean_anomaly_crossfit,spline,False,35.0,UA,15.0,1.0,17.68903378280688,2.7138968505621937,12.3698936979483,23.008173867665462,7.127652486077417e-11
A3.2-v1.0,0,3,cumulative_days,SOS,mean_anomaly_crossfit,spline,False,35.0,UA,15.25,1.0,18.379109591637203,2.792284264973882,12.906332997690498,23.851886185583908,4.6383228678977106e-11
A3.2-v1.0,0,3,cumulative_days,SOS,mean_anomaly_crossfit,spline,False,35.0,UA,15.5,1.0,19.08604051312593,2.8819684471013107,13.437486152226532,24.734594874025326,3.5300453049952196e-11
A3.2-v1.0,0,3,cumulative_days,SOS,mean_anomaly_crossfit,spline,False,35.0,UA,15.75,1.0,19.809507180178063,2.9826051291389413,13.963708546961303,25.65530581339483,3.101288736460525e-11
A3.2-v1.0,0,3,cumulative_days,SOS,mean_anomaly_crossfit,spline,False,35.0,UA,16.0,1.0,20.5491902256986,3.093628029591236,14.485790706136168,26.61258974526104,3.085649999991194e-11
A3.2-v1.0,0,3,cumulative_days,SOS,mean_anomaly_crossfit,spline,False,35.0,UA,16.25,1.0,21.304770282592568,3.2142966620616957,15.004864589324333,27.604675975860804,3.3997020589662e-11
A3.2-v1.0,0,3,cumulative_days,SOS,mean_anomaly_crossfit,spline,False,35.0,UA,16.5,1.0,22.075927983764927,3.343743984996299,15.52231019964974,28.629545767880117,4.0521375501568007e-11
A3.2-v1.0,0,3,cumulative_days,SOS,mean_anomaly_crossfit,spline,False,35.0,UA,16.75,1.0,22.862343962120736,3.4810199862897604,16.039670159528693,29.68501776471278,5.1093527654150185e-11
A3.2-v1.0,0,3,cumulative_days,SOS,mean_anomaly_crossfit,spline,False,35.0,UA,17.0,1.0,23.663698850564963,3.625128969064482,16.558576631885764,30.76882106924416,6.679412364978208e-11
A3.2-v1.0,0,3,cumulative_days,SOS,mean_anomaly_crossfit,spline,False,35.0,UA,17.25,1.0,24.47967328200263,3.7750597576738447,17.08069211747539,31.87865444652987,8.897988381094738e-11
A3.2-v1.0,0,3,cumulative_days,SOS,mean_anomaly_crossfit,spline,False,35.0,UA,17.5,1.0,25.309947889338705,3.929809082456857,17.60766362160487,33.01223215707254,1.1907806128601709e-10
A3.2-v1.0,0,3,cumulative_days,SOS,mean_anomaly_crossfit,spline,False,35.0,UA,17.75,1.0,26.15420330547826,4.088399010770533,18.14108848993883,34.167318121017686,1.5827805379002208e-10
A3.2-v1.0,0,3,cumulative_days,SOS,mean_anomaly_crossfit,spline,False,35.0,UA,18.0,1.0,27.012120163326244,4.249889552261354,18.68248970262093,35.341750624031555,2.071314090009212e-10
A3.2-v1.0,0,3,cumulative_days,SOS,mean_anomaly_crossfit,spline,False,35.0,UA,18.25,1.0,27.883379095787667,4.413387591127262,19.23329836736225,36.53345982421308,2.6512685749323217e-10
A3.2-v1.0,0,3,cumulative_days,SOS,mean_anomaly_crossfit,spline,False,35.0,UA,18.5,1.0,28.76766073576756,4.578053189870274,19.794841364313115,37.740480107222005,3.30353859628388e-10
A3.2-v1.0,0,3,cumulative_days,SOS,mean_anomaly_crossfit,spline,False,35.0,UA,18.75,1.0,29.66464571617092,4.74310414343438,20.368332420116836,38.96095901222501,3.9938400020745597e-10
A3.2-v1.0,0,3,cumulative_days,SOS,mean_anomaly_crossfit,spline,False,35.0,UA,19.0,1.0,30.574014669902738,4.907819487353442,20.95486523206616,40.193164107739314,4.674680389032152e-10
A3.2-v1.0,0,3,cumulative_days,SOS,mean_abs_anomaly_crossfit,spline,False,35.0,PA,1.0,1.0,0.0,0.0,0.0,0.0,
A3.2-v1.0,0,3,cumulative_days,SOS,mean_abs_anomaly_crossfit,spline,False,35.0,PA,1.25,1.0,0.6019462713657,0.054204938430904,0.495706544256917,0.7081859984744829,1.1860681081969142e-28
A3.2-v1.0,0,3,cumulative_days,SOS,mean_abs_anomaly_crossfit,spline,False,35.0,PA,1.5,1.0,1.203565510431294,0.108346540809535,0.991210192595106,1.4159208282674818,1.1408337334706315e-28
A3.2-v1.0,0,3,cumulative_days,SOS,mean_abs_anomaly_crossfit,spline,False,35.0,PA,1.75,1.0,1.8045306848966696,0.1623615411034727,1.486307911859443,2.122753457933896,1.0691649641158835e-28
A3.2-v1.0,0,3,cumulative_days,SOS,mean_abs_anomaly_crossfit,spline,False,35.0,PA,2.0,1.0,2.40451476246172,0.2161868138940683,1.9807963932968824,2.828233131626557,9.761767953740559e-29
A3.2-v1.0,0,3,cumulative_days,SOS,mean_abs_anomaly_crossfit,spline,False,35.0,PA,2.25,1.0,3.0031907108263405,0.2697594461254181,2.474471911931048,3.531909509721633,8.681727637549747e-29
A3.2-v1.0,0,3,cumulative_days,SOS,mean_abs_anomaly_crossfit,spline,False,35.0,PA,2.5,1.0,3.6002314976904186,0.3230168106033315,2.967130182506893,4.233332812873944,7.519536953287292e-29
A3.2-v1.0,0,3,cumulative_days,SOS,mean_abs_anomaly_crossfit,spline,False,35.0,PA,2.75,1.0,4.195310090753846,0.3758966418604199,3.458566210797872,4.932053970709821,6.341289476979195e-29
A3.2-v1.0,0,3,cumulative_days,SOS,mean_abs_anomaly_crossfit,spline,False,35.0,PA,3.0,1.0,4.788099457716518,0.4283371150321126,3.9485741390117863,5.627624776421249,5.205242309762666e-29
A3.2-v1.0,0,3,cumulative_days,SOS,mean_abs_anomaly_crossfit,spline,False,35.0,PA,3.25,1.0,5.37827256627832,0.4802769284250701,4.436947083959661,6.319598048596979,4.1575534833321276e-29
A3.2-v1.0,0,3,cumulative_days,SOS,mean_abs_anomaly_crossfit,spline,False,35.0,PA,3.5,1.0,5.96550238413915,0.5316553905045167,4.923476966563719,7.007527801714581,3.2300292213026027e-29
A3.2-v1.0,0,3,cumulative_days,SOS,mean_abs_anomaly_crossfit,spline,False,35.0,PA,3.75,1.0,6.549461878998899,0.582412512081221,5.407954331174207,7.690969426823591,2.439871232955377e-29
A3.2-v1.0,0,3,cumulative_days,SOS,mean_abs_anomaly_crossfit,spline,False,35.0,PA,4.0,1.0,7.129824018557455,0.632489104542756,5.890168153039665,8.369479884075247,1.7911081102370657e-29
A3.2-v1.0,0,3,cumulative_days,SOS,mean_abs_anomaly_crossfit,spline,False,35.0,PA,4.25,1.0,7.706261770514717,0.6818268850484032,6.369905632128716,9.04261790890072,1.277193938387558e-29
A3.2-v1.0,0,3,cumulative_days,SOS,mean_abs_anomaly_crossfit,spline,False,35.0,PA,4.5,1.0,8.278448102570568,0.7303685896933299,6.846951971332329,9.709944233808807,8.841821981420865e-30
A3.2-v1.0,0,3,cumulative_days,SOS,mean_abs_anomaly_crossfit,spline,False,35.0,PA,4.75,1.0,8.846055982424904,0.7780580957467398,7.321090136881477,10.371021827968333,5.939247088879522e-30
A3.2-v1.0,0,3,cumulative_days,SOS,mean_abs_anomaly_crossfit,spline,False,35.0,PA,5.0,1.0,9.408758377777618,0.8248405541817595,7.79210059859331,11.025416156961926,3.868718458320455e-30
A3.2-v1.0,0,3,cumulative_days,SOS,mean_abs_anomaly_crossfit,spline,False,35.0,PA,5.25,1.0,9.966228256328597,0.8706625338431696,8.259761047307599,11.672695465349594,2.442185960014953e-30
A3.2-v1.0,0,3,cumulative_days,SOS,mean_abs_anomaly_crossfit,spline,False,35.0,PA,5.5,1.0,10.51813858577774,0.9154721787440786,8.723846086590932,12.312431084964553,1.4930921831060416e-30
A3.2-v1.0,0,3,cumulative_days,SOS,mean_abs_anomaly_crossfit,spline,False,35.0,PA,5.75,1.0,11.064162333824932,0.9592193801458638,9.184126895466203,12.94419777218366,8.83496232526601e-31
A3.2-v1.0,0,3,cumulative_days,SOS,mean_abs_anomaly_crossfit,spline,False,35.0,PA,6.0,1.0,11.60397246817007,1.0018559652584855,9.640370858566827,13.567574077773314,5.056428622239761e-31
A3.2-v1.0,0,3,cumulative_days,SOS,mean_abs_anomaly_crossfit,spline,False,35.0,PA,6.25,1.0,12.13724195651304,1.043335904602,10.092341159715602,14.18214275331048,2.797154296539538e-31
A3.2-v1.0,0,3,cumulative_days,SOS,mean_abs_anomaly_crossfit,spline,False,35.0,PA,6.5,1.0,12.66364376655374,1.0836155402961871,10.5397963344853,14.78749119862218,1.494656114135434e-31
A3.2-v1.0,0,3,cumulative_days,SOS,mean_abs_anomaly_crossfit,spline,False,35.0,PA,6.75,1.0,13.182850865992055,1.122653837794109,10.98248977680993,15.38321195517418,7.7099333553353e-32
A3.2-v1.0,0,3,cumulative_days,SOS,mean_abs_anomaly_crossfit,spline,False,35.0,PA,7.0,1.0,13.694536222527889,1.1604126638479328,11.420169194181756,15.96890325087402,3.837052695741958e-32
A3.2-v1.0,0,3,cumulative_days,SOS,mean_abs_anomaly_crossfit,spline,False,35.0,PA,7.25,1.0,14.19837280386112,1.1968570937906815,11.852576005390103,16.544169602332133,1.8414791357937015e-32
A3.2-v1.0,0,3,cumulative_days,SOS,mean_abs_anomaly_crossfit,spline,False,35.0,PA,7.5,1.0,14.694033577691645,1.2319557515340116,12.279444674138006,17.10862248124528,8.518914604893935e-33
A3.2-v1.0,0,3,cumulative_days,SOS,mean_abs_anomaly_crossfit,spline,False,35.0,PA,7.75,1.0,15.181191511719351,1.2656811860163129,12.70050197121744,17.66188105222127,3.797808916724895e-33
A3.2-v1.0,0,3,cumulative_days,SOS,mean_abs_anomaly_crossfit,spline,False,35.0,PA,8.0,1.0,15.65951957364414,1.2980102881813251,13.115466157246289,18.203572990041994,1.6314341277182255e-33
A3.2-v1.0,0,3,cumulative_days,SOS,mean_abs_anomaly_crossfit,spline,False,35.0,PA,8.25,1.0,16.128690731165904,1.3289247529157957,13.524046077287156,18.73333538504465,6.753720822528995e-34
A3.2-v1.0,0,3,cumulative_days,SOS,mean_abs_anomaly_crossfit,spline,False,35.0,PA,8.5,1.0,16.58837795198452,1.3584115907115883,13.92594015800804,19.250815745960995,2.695383587180183e-34
A3.2-v1.0,0,3,cumulative_days,SOS,mean_abs_anomaly_crossfit,spline,False,35.0,PA,8.75,1.0,17.038254203799887,1.3864636941232542,14.320835297445951,19.755673110153825,1.0378016071333596e-34
A3.2-v1.0,0,3,cumulative_days,SOS,mean_abs_anomaly_crossfit,spline,False,35.0,PA,9.0,1.0,17.477992454311906,1.4130804643383472,14.708405636951609,20.2475792716722,3.8593641938392704e-35
A3.2-v1.0,0,3,cumulative_days,SOS,mean_abs_anomaly_crossfit,spline,False,35.0,PA,9.25,1.0,17.90726567122046,1.438268503326718,15.088311204601768,20.72622013783916,1.388463475362804e-35
A3.2-v1.0,0,3,cumulative_days,SOS,mean_abs_anomaly_crossfit,spline,False,35.0,PA,9.5,1.0,18.325746822225444,1.462042377035144,15.46019641936523,21.191297225085652,4.8433291991660674e-36
A3.2-v1.0,0,3,cumulative_days,SOS,mean_abs_anomaly_crossfit,spline,False,35.0,PA,9.75,1.0,18.73310887502674,1.484425454877352,15.823688445732644,21.64252930432084,1.6429895571035184e-36
A3.2-v1.0,0,3,cumulative_days,SOS,mean_abs_anomaly_crossfit,spline,False,35.0,PA,10.0,1.0,19.12902479732426,1.50545083024877,16.178395389540746,22.07965420510777,5.440953561376874e-37
A3.2-v1.0,0,3,cumulative_days,SOS,mean_abs_anomaly_crossfit,spline,False,35.0,PA,10.25,1.0,19.51316755681788,1.525162325858658,16.523904327557567,22.502430786078182,1.7675816290258026e-37
A3.2-v1.0,0,3,cumulative_days,SOS,mean_abs_anomaly_crossfit,spline,False,35.0,PA,10.5,1.0,19.88521012120749,1.5436155861798886,16.85977916632022,22.910641076094752,5.667444334653433e-38
A3.2-v1.0,0,3,cumulative_days,SOS,mean_abs_anomaly_crossfit,spline,False,35.0,PA,10.75,1.0,20.244825458192988,1.5608792570995802,17.185558330062175,23.3040925863238,1.8069551095559222e-38
A3.2-v1.0,0,3,cumulative_days,SOS,mean_abs_anomaly_crossfit,spline,False,35.0,PA,11.0,1.0,20.59168653547427,1.577036249711787,17.500752283725053,23.682620787223488,5.78111414431988e-39
A3.2-v1.0,0,3,cumulative_days,SOS,mean_abs_anomaly_crossfit,spline,False,35.0,PA,11.25,1.0,20.925466320751216,1.5921850808999862,17.80484090546525,24.04609173603718,1.876430375143375e-39
A3.2-v1.0,0,3,cumulative_days,SOS,mean_abs_anomaly_crossfit,spline,False,35.0,PA,11.5,1.0,21.24583778172372,1.606441277668831,18.097270734214305,24.39440482923314,6.259847438623578e-40
A3.2-v1.0,0,3,cumulative_days,SOS,mean_abs_anomaly_crossfit,spline,False,35.0,PA,11.75,1.0,21.552473886091693,1.6199388248622162,18.37745213220361,24.72749563997977,2.17950199573051e-40
A3.2-v1.0,0,3,cumulative_days,SOS,mean_abs_anomaly_crossfit,spline,False,35.0,PA,12.0,1.0,21.84504760155501,1.6328316267468292,18.64475642031327,25.04533878279674,8.062137766068493e-41
A3.2-v1.0,0,3,cumulative_days,SOS,mean_abs_anomaly_crossfit,spline,False,35.0,PA,12.25,1.0,22.12323189581356,1.6452949418374752,18.898513065866183,25.34795072576093,3.2339451239744955e-41
A3.2-v1.0,0,3,cumulative_days,SOS,mean_abs_anomaly_crossfit,spline,False,35.0,PA,12.5,1.0,22.38669973656723,1.6575267373506395,19.138007027947797,25.635392445186667,1.439736180561584e-41
A3.2-v1.0,0,3,cumulative_days,SOS,mean_abs_anomaly_crossfit,spline,False,35.0,PA,12.75,1.0,22.635124091515934,1.6697488951217407,19.36247639385177,25.90777178918009,7.300550997849315e-42
A3.2-v1.0,0,3,cumulative_days,SOS,mean_abs_anomaly_crossfit,spline,False,35.0,PA,13.0,1.0,22.868177928359547,1.6822081854241282,19.57111047042978,26.165245386289318,4.338147170001547e-42
A3.2-v1.0,0,3,cumulative_days,SOS,mean_abs_anomaly_crossfit,spline,False,35.0,PA,13.25,1.0,23.085534214797967,1.6951769101141856,19.76304852355027,26.408019906045663,3.114720005273455e-42
A3.2-v1.0,0,3,cumulative_days,SOS,mean_abs_anomaly_crossfit,spline,False,35.0,PA,13.5,1.0,23.28686591853108,1.7089531037517258,19.937379383909757,26.6363524531524,2.7903622768951325e-42
A3.2-v1.0,0,3,cumulative_days,SOS,mean_abs_anomaly_crossfit,spline,False,35.0,PA,13.75,1.0,23.47184600725878,1.7238601733282315,20.09314215315247,26.85054986136509,3.223104380543266e-42
A3.2-v1.0,0,3,cumulative_days,SOS,mean_abs_anomaly_crossfit,spline,False,35.0,PA,14.0,1.0,23.640147448680967,1.74024585707958,20.22932824455995,27.050966652801986,4.957645553307145e-42
A3.2-v1.0,0,3,cumulative_days,SOS,mean_abs_anomaly_crossfit,spline,False,35.0,PA,14.25,1.0,23.79164680089388,1.7584800712526318,20.345089193707288,27.238204408080463,1.0449833265421975e-41
A3.2-v1.0,0,3,cumulative_days,SOS,mean_abs_anomaly_crossfit,spline,False,35.0,PA,14.5,1.0,23.92703498357919,1.77893184717744,20.440392632160098,27.413677334998283,3.0693370452730817e-41
A3.2-v1.0,0,3,cumulative_days,SOS,mean_abs_anomaly_crossfit,spline,False,35.0,PA,14.75,1.0,24.04720650681494,1.8019311465478125,20.515486356960263,27.57892665666962,1.2626055487787911e-40
A3.2-v1.0,0,3,cumulative_days,SOS,mean_abs_anomaly_crossfit,spline,False,35.0,PA,15.0,1.0,24.153055880679155,1.8277576037852583,20.57071680479082,27.73539495656749,7.2285108076875385e-40
A3.2-v1.0,0,3,cumulative_days,SOS,mean_abs_anomaly_crossfit,spline,False,35.0,PA,15.25,1.0,24.245477615249865,1.8566350575500143,20.606539770017385,27.884415460482344,5.659242087052255e-39
A3.2-v1.0,0,3,cumulative_days,SOS,mean_abs_anomaly_crossfit,spline,False,35.0,PA,15.5,1.0,24.325366220605112,1.8887278906573397,20.62352757832042,28.027204862889803,5.891830590509753e-38
A3.2-v1.0,0,3,cumulative_days,SOS,mean_abs_anomaly_crossfit,spline,False,35.0,PA,15.75,1.0,24.393616206822912,1.9241393545319845,20.62237237070408,28.164860042941747,7.862827031450945e-37
A3.2-v1.0,0,3,cumulative_days,SOS,mean_abs_anomaly_crossfit,spline,False,35.0,PA,16.0,1.0,24.451122083981303,1.9629119029638504,20.60388544934717,28.298358718615432,1.2881432413753177e-35
A3.2-v1.0,0,3,cumulative_days,SOS,mean_abs_anomaly_crossfit,spline,False,35.0,PA,16.25,1.0,24.498778362158323,2.005029407329733,20.56899293584836,28.42856378846829,2.4711575607980027e-34
A3.2-v1.0,0,3,cumulative_days,SOS,mean_abs_anomaly_crossfit,spline,False,35.0,PA,16.5,1.0,24.53747955143199,2.050420994553824,20.518728248961697,28.55623085390228,5.287876200882065e-33
A3.2-v1.0,0,3,cumulative_days,SOS,mean_abs_anomaly_crossfit,spline,False,35.0,PA,16.75,1.0,24.568120161880344,2.098966157042626,20.454222089308352,28.682018234452336,1.2034748176179587e-31
A3.2-v1.0,0,3,cumulative_days,SOS,mean_abs_anomaly_crossfit,spline,False,35.0,PA,17.0,1.0,24.591594703581418,2.1505007389087942,20.376690706593408,28.806498700569428,2.786115893678236e-30
A3.2-v1.0,0,3,cumulative_days,SOS,mean_abs_anomaly_crossfit,spline,False,35.0,PA,17.25,1.0,24.608797686613244,2.204823403935898,20.28742322262788,28.93017215059861,6.302971618156853e-29
A3.2-v1.0,0,3,cumulative_days,SOS,mean_abs_anomaly_crossfit,spline,False,35.0,PA,17.5,1.0,24.62062362105384,2.261702229494303,20.18776870749106,29.053478534616616,1.3458936425096295e-27
A3.2-v1.0,0,3,cumulative_days,SOS,mean_abs_anomaly_crossfit,spline,False,35.0,PA,17.75,1.0,24.62796701698125,2.3208811344454605,20.079123581069684,29.176810452892813,2.635614037446996e-26
A3.2-v1.0,0,3,cumulative_days,SOS,mean_abs_anomaly_crossfit,spline,False,35.0,PA,18.0,1.0,24.631722384473505,2.382085924683462,19.962919764014128,29.300525004932883,4.626003518504533e-25
A3.2-v1.0,0,3,cumulative_days,SOS,mean_abs_anomaly_crossfit,spline,False,35.0,PA,18.25,1.0,24.63278423360864,2.445029815931135,19.840613853257015,29.42495461396026,7.152548778308801e-24
A3.2-v1.0,0,3,cumulative_days,SOS,mean_abs_anomaly_crossfit,spline,False,35.0,PA,18.5,1.0,24.632047074464676,2.5094183615628745,19.713677463657927,29.55041668527142,9.623391432032952e-23
A3.2-v1.0,0,3,cumulative_days,SOS,mean_abs_anomaly_crossfit,spline,False,35.0,PA,18.75,1.0,24.630405417119643,2.5749537689432933,19.583588768135115,29.67722206610417,1.1179250253796713e-21
A3.2-v1.0,0,3,cumulative_days,SOS,mean_abs_anomaly_crossfit,spline,False,35.0,PA,19.0,1.0,24.62875377165158,2.641338629485034,19.45182518688653,29.805682356416632,1.1167074070637647e-20
A3.2-v1.0,0,3,cumulative_days,SOS,mean_abs_anomaly_crossfit,spline,False,35.0,UA,1.0,1.0,0.0,0.0,0.0,0.0,
A3.2-v1.0,0,3,cumulative_days,SOS,mean_abs_anomaly_crossfit,spline,False,35.0,UA,1.25,1.0,0.2171061633976795,0.076680365675731,0.0668154083518853,0.3673969184434738,0.0046357242629392
A3.2-v1.0,0,3,cumulative_days,SOS,mean_abs_anomaly_crossfit,spline,False,35.0,UA,1.5,1.0,0.4342409781393948,0.153237487962625,0.1339010206512595,0.7345809356275299,0.0046001318096015
A3.2-v1.0,0,3,cumulative_days,SOS,mean_abs_anomaly_crossfit,spline,False,35.0,UA,1.75,1.0,0.6514330955691751,0.2295482422779252,0.201526807989967,1.101339383148383,0.0045412560922437
A3.2-v1.0,0,3,cumulative_days,SOS,mean_abs_anomaly_crossfit,spline,False,35.0,UA,2.0,1.0,0.8687111670310563,0.3054897429924328,0.2699622731194906,1.467460060942622,0.0044597600940125
A3.2-v1.0,0,3,cumulative_days,SOS,mean_abs_anomaly_crossfit,spline,False,35.0,UA,2.25,1.0,1.0861038438690744,0.3809394662843981,0.3394762096617439,1.832731478076405,0.0043565627916031
A3.2-v1.0,0,3,cumulative_days,SOS,mean_abs_anomaly_crossfit,spline,False,35.0,UA,2.5,1.0,1.303639777427258,0.4557753771127934,0.4103364532460217,2.1969431016084946,0.0042328298389231
A3.2-v1.0,0,3,cumulative_days,SOS,mean_abs_anomaly_crossfit,spline,False,35.0,UA,2.75,1.0,1.5213476190496429,0.5298760617960959,0.4828096216593749,2.559885616439911,0.0040899614308646
A3.2-v1.0,0,3,cumulative_days,SOS,mean_abs_anomaly_crossfit,spline,False,35.0,UA,3.0,1.0,1.7392560200802656,0.6031208677831403,0.5571608409007667,2.9213511992597647,0.0039295772439023
A3.2-v1.0,0,3,cumulative_days,SOS,mean_abs_anomaly_crossfit,spline,False,35.0,UA,3.25,1.0,1.957393631863154,0.6753900523323356,0.6336534537751539,3.281133809951154,0.00375349834486
A3.2-v1.0,0,3,cumulative_days,SOS,mean_abs_anomaly_crossfit,spline,False,35.0,UA,3.5,1.0,2.175789105742344,0.7465649419782193,0.7125487073447991,3.639029504139889,0.003563725965232
A3.2-v1.0,0,3,cumulative_days,SOS,mean_abs_anomaly_crossfit,spline,False,35.0,UA,3.75,1.0,2.394471093061875,0.8165281048632363,0.7941054151651872,3.9948367709585626,0.003362417058558
A3.2-v1.0,0,3,cumulative_days,SOS,mean_abs_anomaly_crossfit,spline,False,35.0,UA,4.0,1.0,2.613468245165771,0.8851635382531089,0.8785795897616351,4.3483569005699065,0.003151856595481
A3.2-v1.0,0,3,cumulative_days,SOS,mean_abs_anomaly_crossfit,spline,False,35.0,UA,4.25,1.0,2.8328092133980745,0.9523568738419732,0.966224040238651,4.699394386557498,0.0029344266082376
A3.2-v1.0,0,3,cumulative_days,SOS,mean_abs_anomaly_crossfit,spline,False,35.0,UA,4.5,1.0,3.0525226491028112,1.0179956037952935,1.0572879292439297,5.047757368961693,0.0027125720763456
A3.2-v1.0,0,3,cumulative_days,SOS,mean_abs_anomaly_crossfit,spline,False,35.0,UA,4.75,1.0,3.2726372036240163,1.0819693308834015,1.1520162827156484,5.393258124532384,0.0024887638507263
A3.2-v1.0,0,3,cumulative_days,SOS,mean_abs_anomaly_crossfit,spline,False,35.0,UA,5.0,1.0,3.4931815283057297,1.1441700465354816,1.250649444906668,5.735713611704791,0.0022654589462679
A3.2-v1.0,0,3,cumulative_days,SOS,mean_abs_anomaly_crossfit,spline,False,35.0,UA,5.25,1.0,3.714184274491976,1.2044924412051927,1.35342247007907,6.074946078904882,0.0020450586934833
A3.2-v1.0,0,3,cumulative_days,SOS,mean_abs_anomaly_crossfit,spline,False,35.0,UA,5.5,1.0,3.9356740935267984,1.2628342520981146,1.4605644409709186,6.410783746082679,0.0018298654271603
A3.2-v1.0,0,3,cumulative_days,SOS,mean_abs_anomaly_crossfit,spline,False,35.0,UA,5.75,1.0,4.157679636754221,1.3190966540830475,1.5722977026241578,6.743061570884284,0.0016220385997293
A3.2-v1.0,0,3,cumulative_days,SOS,mean_abs_anomaly_crossfit,spline,False,35.0,UA,6.0,1.0,4.380229555518286,1.3731847005126951,1.6888369983919835,7.071622112644589,0.0014235514319358
A3.2-v1.0,0,3,cumulative_days,SOS,mean_abs_anomaly_crossfit,spline,False,35.0,UA,6.25,1.0,4.603352501163018,1.4250078217332722,1.8103884928779304,7.396316509448106,0.0012361494411616
A3.2-v1.0,0,3,cumulative_days,SOS,mean_abs_anomaly_crossfit,spline,False,35.0,UA,6.5,1.0,4.827077125032458,1.4744803902907462,1.9371486641520332,7.717005585912883,0.0010613124009437
A3.2-v1.0,0,3,cumulative_days,SOS,mean_abs_anomaly_crossfit,spline,False,35.0,UA,6.75,1.0,5.051432078470636,1.5215223632669663,2.069303044795113,8.03356111214616,0.0009002214604988
A3.2-v1.0,0,3,cumulative_days,SOS,mean_abs_anomaly_crossfit,spline,False,35.0,UA,7.0,1.0,5.2764460128215935,1.5660600138275105,2.207024788091374,8.345867237551813,0.0007537332611694
A3.2-v1.0,0,3,cumulative_days,SOS,mean_abs_anomaly_crossfit,spline,False,35.0,UA,7.25,1.0,5.502147579429353,1.608026765959889,2.350473031971552,8.653822126887155,0.0006223628936706
A3.2-v1.0,0,3,cumulative_days,SOS,mean_abs_anomaly_crossfit,spline,False,35.0,UA,7.5,1.0,5.728565429637947,1.647364148547371,2.499791029062609,8.957339830213286,0.0005062774094936
A3.2-v1.0,0,3,cumulative_days,SOS,mean_abs_anomaly_crossfit,spline,False,35.0,UA,7.75,1.0,5.955728214791418,1.684022887376055,2.6551040063931985,9.256352423189638,0.0004053012974735
A3.2-v1.0,0,3,cumulative_days,SOS,mean_abs_anomaly_crossfit,spline,False,35.0,UA,8.0,1.0,6.183664586233796,1.7179641564128554,2.8165167129338635,9.550812459533727,0.0003189348363635
A3.2-v1.0,0,3,cumulative_days,SOS,mean_abs_anomaly_crossfit,spline,False,35.0,UA,8.25,1.0,6.412403195309118,1.7491610127013952,2.984110607252775,9.84069578336546,0.0002463855270824
A3.2-v1.0,0,3,cumulative_days,SOS,mean_abs_anomaly_crossfit,spline,False,35.0,UA,8.5,1.0,6.641972693361406,1.7776000424427327,3.157940631256778,10.126004755466033,0.0001866119113702
A3.2-v1.0,0,3,cumulative_days,SOS,mean_abs_anomaly_crossfit,spline,False,35.0,UA,8.75,1.0,6.87240173173471,1.8032832491500808,3.338031509476182,10.40677195399324,0.0001383780499196
A3.2-v1.0,0,3,cumulative_days,SOS,mean_abs_anomaly_crossfit,spline,False,35.0,UA,9.0,1.0,7.103718961773048,1.8262302179875785,3.524373507038662,10.683064416507433,0.0001003158576397
A3.2-v1.0,0,3,cumulative_days,SOS,mean_abs_anomaly_crossfit,spline,False,35.0,UA,9.25,1.0,7.335953034820466,1.8464805932019652,3.71691757399246,10.954988495648474,7.099151293294553e-05
A3.2-v1.0,0,3,cumulative_days,SOS,mean_abs_anomaly_crossfit,spline,False,35.0,UA,9.5,1.0,7.569132602220995,1.8640969074213067,3.915569799982738,11.222695404459252,4.897143815354228e-05
A3.2-v1.0,0,3,cumulative_days,SOS,mean_abs_anomaly_crossfit,spline,False,35.0,UA,9.75,1.0,7.80328631531866,1.87916780176203,4.120185102957777,11.486387527679543,3.288306124648929e-05
A3.2-v1.0,0,3,cumulative_days,SOS,mean_abs_anomaly_crossfit,spline,False,35.0,UA,10.0,1.0,8.038442825457508,1.8918116730372223,4.330560080772088,11.746325570142927,2.146585215983358e-05
A3.2-v1.0,0,3,cumulative_days,SOS,mean_abs_anomaly_crossfit,spline,False,35.0,UA,10.25,1.0,8.274630783981562,1.9021807773130328,4.546424968363613,12.002836599599512,1.3609041005094166e-05
A3.2-v1.0,0,3,cumulative_days,SOS,mean_abs_anomaly_crossfit,spline,False,35.0,UA,10.5,1.0,8.511878842234854,1.9104658054512744,4.76743466985505,12.256323014614658,8.373906770469735e-06
A3.2-v1.0,0,3,cumulative_days,SOS,mean_abs_anomaly_crossfit,spline,False,35.0,UA,10.75,1.0,8.75021565156143,1.916900923249199,4.993158880061421,12.507272423061435,5.000375035059879e-06
A3.2-v1.0,0,3,cumulative_days,SOS,mean_abs_anomaly_crossfit,spline,False,35.0,UA,11.0,1.0,8.98966986330531,1.9217692327675384,5.223071380483762,12.756268346126856,2.8995610471606144e-06
A3.2-v1.0,0,3,cumulative_days,SOS,mean_abs_anomaly_crossfit,spline,False,35.0,UA,11.25,1.0,9.230270128810536,1.9254085582484244,5.456538699118434,13.00400155850264,1.6354693673179777e-06
A3.2-v1.0,0,3,cumulative_days,SOS,mean_abs_anomaly_crossfit,spline,False,35.0,UA,11.5,1.0,9.472045099421138,1.9282173853259703,5.692808469818244,13.251281729024033,8.999921921746165e-07
A3.2-v1.0,0,3,cumulative_days,SOS,mean_abs_anomaly_crossfit,spline,False,35.0,UA,11.75,1.0,9.715023426481151,1.9306606824628936,5.93099802248636,13.499048830475946,4.854694547070875e-07
A3.2-v1.0,0,3,cumulative_days,SOS,mean_abs_anomaly_crossfit,spline,False,35.0,UA,12.0,1.0,9.959233761334612,1.933275207642112,6.170083982151878,13.748383540517349,2.5843508608025096e-07
A3.2-v1.0,0,3,cumulative_days,SOS,mean_abs_anomaly_crossfit,spline,False,35.0,UA,12.25,1.0,10.204704755325553,1.9366737554339828,6.4088939448710125,14.00051556578009,1.3702600565410408e-07
A3.2-v1.0,0,3,cumulative_days,SOS,mean_abs_anomaly_crossfit,spline,False,35.0,UA,12.5,1.0,10.451465059797997,1.941547642639383,6.646101605956162,14.256828513639832,7.323061623188288e-08
A3.2-v1.0,0,3,cumulative_days,SOS,mean_abs_anomaly_crossfit,spline,False,35.0,UA,12.75,1.0,10.699543326095991,1.9486665907002012,6.880226990447142,14.51885966174484,4.00344239092545e-08
A3.2-v1.0,0,3,cumulative_days,SOS,mean_abs_anomaly_crossfit,spline,False,35.0,UA,13.0,1.0,10.94896820556356,1.958875081726671,7.10964359516633,14.78829281596079,2.2783422249346973e-08
A3.2-v1.0,0,3,cumulative_days,SOS,mean_abs_anomaly_crossfit,spline,False,35.0,UA,13.25,1.0,11.19976834954475,1.9730842987869956,7.332594185460771,15.066942513628728,1.3765971125045565e-08
A3.2-v1.0,0,3,cumulative_days,SOS,mean_abs_anomaly_crossfit,spline,False,35.0,UA,13.5,1.0,11.45197240938358,1.992258972252524,7.5472165758918495,15.35672824287531,9.017993709862372e-09
A3.2-v1.0,0,3,cumulative_days,SOS,mean_abs_anomaly_crossfit,spline,False,35.0,UA,13.75,1.0,11.705609036424091,2.0173988905429714,7.751579868508805,15.659638204339377,6.540066775546027e-09
A3.2-v1.0,0,3,cumulative_days,SOS,mean_abs_anomaly_crossfit,spline,False,35.0,UA,14.0,1.0,11.960706882010314,2.049515499652958,7.943730316933903,15.977683447086726,5.351047166121867e-09
A3.2-v1.0,0,3,cumulative_days,SOS,mean_abs_anomaly_crossfit,spline,False,35.0,UA,14.25,1.0,12.217401856547486,2.0895798068303764,8.121900692337785,16.312903020757187,5.010521921871813e-09
A3.2-v1.0,0,3,cumulative_days,SOS,mean_abs_anomaly_crossfit,spline,False,35.0,UA,14.5,1.0,12.476258906685654,2.1383603294298634,8.285149675033917,16.66736813833739,5.395277921684235e-09
A3.2-v1.0,0,3,cumulative_days,SOS,mean_abs_anomaly_crossfit,spline,False,35.0,UA,14.75,1.0,12.737950238136063,2.1963723010838723,8.433139631370311,17.04276084490182,6.6496855042948705e-09
A3.2-v1.0,0,3,cumulative_days,SOS,mean_abs_anomaly_crossfit,spline,False,35.0,UA,15.0,1.0,13.003148056609966,2.2638790299036,8.566026692643433,17.4402694205765,9.260419861591493e-09
A3.2-v1.0,0,3,cumulative_days,SOS,mean_abs_anomaly_crossfit,spline,False,35.0,UA,15.25,1.0,13.272524567818603,2.3408998864690407,8.684445098925384,17.860604036711823,1.4293209312867992e-08
A3.2-v1.0,0,3,cumulative_days,SOS,mean_abs_anomaly_crossfit,spline,False,35.0,UA,15.5,1.0,13.546751977473232,2.427232853164633,8.789463003178156,18.30404095176831,2.3893270803012957e-08
A3.2-v1.0,0,3,cumulative_days,SOS,mean_abs_anomaly_crossfit,spline,False,35.0,UA,15.75,1.0,13.826502491285092,2.522487241094808,8.882518347277465,18.77048663529272,4.222182914628077e-08
A3.2-v1.0,0,3,cumulative_days,SOS,mean_abs_anomaly_crossfit,spline,False,35.0,UA,16.0,1.0,14.112448314965432,2.626121554032545,8.965344650037286,19.25955197989358,7.706239647807675e-08
A3.2-v1.0,0,3,cumulative_days,SOS,mean_abs_anomaly_crossfit,spline,False,35.0,UA,16.25,1.0,14.405261654225503,2.737481942687177,9.039895638229895,19.77062767022111,1.4231799293043614e-07
A3.2-v1.0,0,3,cumulative_days,SOS,mean_abs_anomaly_crossfit,spline,False,35.0,UA,16.5,1.0,14.705614714776557,2.8558378432387777,9.108275396342007,20.302954033211105,2.614365319092588e-07
A3.2-v1.0,0,3,cumulative_days,SOS,mean_abs_anomaly_crossfit,spline,False,35.0,UA,16.75,1.0,15.014179702329832,2.980412760686517,9.172678032320665,20.855681372339,4.713620215016746e-07
A3.2-v1.0,0,3,cumulative_days,SOS,mean_abs_anomaly_crossfit,spline,False,35.0,UA,17.0,1.0,15.331628822596588,3.1104093812263263,9.235338458217472,21.427919186975704,8.259434231672736e-07
A3.2-v1.0,0,3,cumulative_days,SOS,mean_abs_anomaly_crossfit,spline,False,35.0,UA,17.25,1.0,15.658634281288055,3.245029096774554,9.298494122825389,22.018774439750725,1.3970724524615548e-06
A3.2-v1.0,0,3,cumulative_days,SOS,mean_abs_anomaly_crossfit,spline,False,35.0,UA,17.5,1.0,15.995868284115492,3.383486568860766,9.364356466973389,22.627380101257597,2.2715705740711505e-06
A3.2-v1.0,0,3,cumulative_days,SOS,mean_abs_anomaly_crossfit,spline,False,35.0,UA,17.75,1.0,16.344003036790163,3.5250202079024158,9.435090384525534,23.25291568905479,3.542382216520725e-06
A3.2-v1.0,0,3,cumulative_days,SOS,mean_abs_anomaly_crossfit,spline,False,35.0,UA,18.0,1.0,16.70371074502329,3.6688994882582833,9.51279988513962,23.89462160490696,5.294035686013745e-06
A3.2-v1.0,0,3,cumulative_days,SOS,mean_abs_anomaly_crossfit,spline,False,35.0,UA,18.25,1.0,17.07566361452612,3.8144299450775536,9.59951830062302,24.551808928429224,7.584240725364754e-06
A3.2-v1.0,0,3,cumulative_days,SOS,mean_abs_anomaly_crossfit,spline,False,35.0,UA,18.5,1.0,17.460533851009927,3.960956570466812,9.697201628567688,25.223866073452164,1.0425209012444612e-05
A3.2-v1.0,0,3,cumulative_days,SOS,mean_abs_anomaly_crossfit,spline,False,35.0,UA,18.75,1.0,17.85899366018594,4.107866185495923,9.807723883304,25.910263437067883,1.3769113169664576e-05
A3.2-v1.0,0,3,cumulative_days,SOS,mean_abs_anomaly_crossfit,spline,False,35.0,UA,19.0,1.0,18.27171524776541,4.2545892339305205,9.932873580249732,26.610556915281087,1.750166824908627e-05
